{
  "city": [
    {
      "name": "Moscow",
      "temp": 25,
      "weather": "clear",
      "WindSpeed": 5,
      "WaterInAir": 60
    },
    {
      "name": "Санкт-Петербург",
      "temp": 18,
      "weather": "облачно",
      "WindSpeed": 7,
      "WaterInAir": 70
    },
    {
      "name": "Новосибирск",
      "temp": 15,
      "weather": "дождь",
      "WindSpeed": 10,
      "WaterInAir": 80
    },
    {
      "name": "Екатеринбург",
      "temp": 20,
      "weather": "снег",
      "WindSpeed": 8,
      "WaterInAir": 75
    },
    {
      "name": "Нижний Новгород",
      "temp": 17,
      "weather": "облачно с прояснениями",
      "WindSpeed": 6,
      "WaterInAir": 65
    }
  ]
}
